{
    "epoch": 2.9977859778597784,
    "eval_loss": 0.1562039852142334,
    "eval_runtime": 142.3936,
    "eval_samples_per_second": 19.032,
    "eval_steps_per_second": 9.516
}